0.2859231791666667,19.24272273888889
0.84165375,-16.5467275
1.0671985458333333,46.25499166944444
1.14899,20.3284025
1.2681813791666665,54.473590619444444
1.4882308708333332,38.33754126944444
1.5578870583333335,-5.606851305555555
1.5943075,0.07335722222222223
1.7032891458333335,24.376775691666666
2.0034975,11.73355111111111
2.1394647875,68.62279028888888
2.26638625,6.472566111111111
2.2673899791666665,40.02964020555555
2.6197604166666664,20.797142500000003
2.6291911999999997,10.974862255555555
2.6416275791666664,17.40521148611111
2.718832025,-40.113669236111114
2.7551948,-25.790728575
2.882928458333333,70.758784875
2.896956879166667,8.398774297222221
3.249616666666667,-38.092823333333335
3.3187037125,46.602408375
3.3797092208333335,40.86031779722222
3.4849003625000003,19.178309697222222
3.7033975,61.29551469444444
4.046202308333333,0.2534570222222222
4.285312304166667,81.585593425
4.4656662208333335,53.205311388888894
4.714167083333334,-11.29077388888889
4.9077271,20.362679058333335
4.915752445833333,26.047855211111113
4.940776779166666,73.45833818055556
5.1054916666666665,15.681305555555555
5.3640627499999995,73.21164774444445
5.527547220833332,45.42607224722222
5.605941375,0.24893373333333335
5.635171775,6.134519147222223
6.089744583333333,46.73506555555556
6.113883333333334,24.657305555555553
6.179124670833334,-41.96556938888889
6.358990437500001,39.32651097222222
6.454867916666667,-25.963140277777775
6.673852425,35.14507675555556
6.774144583333333,9.499375555555554
6.8140480666666665,22.699463597222223
7.124243704166667,20.007429022222222
7.309343566666667,34.942290711111106
7.441235,5.911304166666667
7.560068333333334,70.62778944444443
8.68119245,27.907144908333333
8.786598333333334,-19.933426666666666
9.146292083333334,14.567674722222222
9.358505875,11.164144694444445
9.603515041666666,41.61833349166667
9.61839,50.59050638888889
9.6248113375,-20.665549369444445
9.915082083333335,14.199321666666666
9.94583125,49.00921666666667
10.056355,1.4295286111111112
10.229415,33.16896305555555
10.240048258333333,-0.22443732777777772
10.5189382625,23.33362813611111
10.539259166666666,-43.76233861111111
11.171789166666665,-34.488436666666665
11.17190125,66.31141805555555
11.532621666666667,24.942390833333334
11.932814166666667,24.587798055555556
11.7517975,56.96177555555556
12.196422904166667,31.956968083333333
12.408292083333334,51.47047222222223
12.430149704166666,2.617716166666667
12.672155791666667,-8.515219386111111
12.784207483333333,-5.1660477388888895
13.53519375,-2.434621388888889
13.573432083333334,68.1864375
13.573701666666667,70.89906250000001
14.230392329166667,16.420371933333335
14.4536806375,30.35244781388889
14.6408575,6.335023333333333
14.77297885,0.11433936388888889
14.777852083333332,-16.989299444444445
14.967587083333333,58.20655027777778
15.215264741666665,68.13903747500001
15.490498749999999,16.661376666666666
15.690676600000002,58.40309350555555
15.8583425,15.4401875
16.458034016666666,48.31755349444445
16.687949858333337,-39.42778878888888
16.94150666666667,13.201442777777777
17.161546141666665,1.5834214277777778
17.443079166666667,61.55845833333333
17.553639195833334,68.09478291666666
17.708420604166665,-6.305246197222222
17.7398375,56.53803666666666
17.905487425,39.10780675
18.02426965833333,22.744107275
18.0539352,35.37203795833334
18.209698333333332,32.13820777777778
18.362528400000002,49.806678725
18.42977062916667,2.371476752777778
18.477125833333336,13.414577222222222
18.597955,48.39807111111111
18.821249883333333,-0.5487285083333334
19.05217484583333,-10.39571276388889
19.214184583333335,-19.131440833333333
19.355014583333332,14.303453888888889
19.73859225,-20.308294569444445
19.755308333333335,8.49852222222222
19.895835195833335,32.180570636111106
20.113321666666664,-14.662046944444445
20.13193055833333,-26.976485397222223
20.423312679166667,11.830670313888888
20.486923745833334,4.373537322222222
20.661733329166665,25.042164772222225
20.689282916666667,29.903501111111108
20.929346666666667,26.25622611111111
21.232819166666665,28.0864875
21.2821125,47.30085805555555
21.37018245,0.09886994444444444
21.678302629166666,25.98369466388889
21.532689583333333,70.78121666666667
22.499172083333335,23.63909111111111
22.615149166666665,8.7128325
23.181197724999997,-15.086521841666666
23.183861904166665,43.42573915833333
23.6334925,-37.274023888888884
23.648615,-8.482479999999999
23.669840833333335,69.41969333333334
23.812497500000003,8.185307222222223
23.9062890625,-19.85392731111111
24.24414504166667,47.85808335
24.28638625,31.376608055555558
24.409776575000002,-23.485031872222223
24.422080962499997,33.159759163888886
24.924914583333333,17.8854275
25.179367083333332,63.76861111111111
25.28814375,13.891120277777777
25.357633437500002,-8.521201719444445
25.363297083333336,-26.89802083333333
25.763265,41.48901027777778
26.264144120833333,-26.440464202777775
26.907399583333333,48.99375138888889
27.1015734875,38.901449936111106
27.343212025,5.93154685
27.457162275,18.955725247222222
27.51123876666667,-6.569864291666667
27.775975000000003,25.291289722222224
27.863108954166666,27.744942680555557
28.050921250000002,37.26824333333333
28.075246029166667,22.118805566666666
28.144064166666666,33.84254277777778
28.292173933333334,-32.82614963611111
28.357715416666665,71.25179888888889
28.511544583333333,8.397522222222221
28.73454115,47.724038650000004
28.904414075,-39.18823431944445
28.99556583333333,22.503295555555557
29.13087,39.24192472222222
29.395687116666664,74.71200832777778
29.423033333333333,-9.272108888888889
29.734475000000003,13.117426944444444
30.085997499999998,25.39852611111111
30.17007166666667,3.3804172222222224
30.464622083333335,3.719237777777778
30.488186250000002,-10.457463055555555
30.68189166666667,42.08787277777778
30.782798749999994,81.10366972222222
30.88910418333333,72.54824094722223
30.944414166666665,54.19934111111111
30.919809583333333,-42.16922694444444
30.94440442083333,11.57928045
31.21005793333334,15.23640096111111
31.228276666666666,44.051922499999996
31.231650212500007,36.821665897222225
31.240309791666668,-16.977822172222222
31.27052237916667,32.20835988888889
31.30465791666667,14.742327777777778
31.762464166666668,62.77005638888889
31.89579291666667,31.868460555555558
32.10977749999999,0.7956366666666667
32.37819416666666,-3.359402777777778
32.399820416666664,64.62386472222222
32.39999458333333,13.866873333333334
32.46580041666667,72.49074138888889
32.804906249999995,10.859663888888889
32.95325041666666,17.122979444444447
33.29387458333334,18.340405277777776
33.92507185416667,-1.6175689583333333
33.97921416666667,5.407097500000001
34.378389012499994,73.82572826666666
34.45397808333333,1.7471386361111112
34.77926873749999,1.349962711111111
35.20022458333334,32.68512694444444
35.22616666666667,-0.05227777777777776
35.272805416666664,35.93716416666666
35.73500677083334,-33.30868608055556
35.929541666666665,40.014722222222225
36.051238749999996,27.83667111111111
36.11845079166667,6.989817122222222
36.26945708333333,18.780214722222222
36.54305499166667,34.35841290277778
37.208547745833336,67.3508414611111
37.31129791666667,77.7211425
37.6904618875,40.54807451944444
37.941225225000004,13.381865630555556
37.965785833333335,-38.40396
38.08649208333333,23.299118055555557
38.11510416666666,26.477387777777775
38.52981083333333,4.778625555555555
39.30848833333333,5.4472025
39.46835699166667,28.802497244444446
39.66220878333333,16.616465197222222
39.939467775,-1.42196825
39.96359603333333,4.272614397222222
40.034060458333336,-22.845630319444446
40.17840375,18.800015000000002
40.26999383333334,-7.7442356
40.60112041666667,17.71634611111111
40.621545195833335,11.016868952777779
40.649624375,-20.459462480555555
40.669726250000004,0.013121388888888889
40.87871291666667,71.33830638888888
41.24040344583334,62.468476275
41.32023791666667,24.093108055555554
41.92180166666666,32.908833055555554
42.3250671,6.3310964527777776
42.893903245833336,43.254396827777775
42.97762625,56.27211944444444
43.03216166666667,17.311857500000002
43.2870338375,38.59027747777778
43.395342945833335,18.095145452777775
43.49003458333333,51.04902638888889
43.6776337625,39.52630863333333
44.145771666666676,13.576480555555555
44.44012250000001,18.784824722222226
44.25559500000001,65.94317222222223
44.469056666666674,78.72973583333334
44.71052791666666,5.685565555555556
44.86281930416666,7.794345341666666
44.90705965,42.59716732222223
45.34689958333333,31.702343888888887
45.34835875,1.3099919444444446
45.59473083333333,53.52959277777778
45.62727824583333,12.315764150000001
45.89684260833333,47.27118762777778
46.091682570833335,68.36040957222221
46.17233708333334,33.81207972222222
46.292602083333335,17.58308138888889
46.67774815833334,62.71722893611111
47.2650980125,10.48787245
47.34206875,27.64843638888889
47.70783320833333,38.2482883
48.18167833333333,1.5548716666666667
48.19332833333333,-13.168874722222222
48.2581755375,41.33366209166667
48.681838750000004,43.234878333333334
49.74084440833333,16.475749583333332
49.95066709166666,41.51169529166667
49.96356971666666,19.025358580555555
50.40362833333334,43.989578055555555
50.47126460416667,12.353876119444443
50.6134625,66.17452722222222
50.83442333333333,5.569969694444445
51.171502499999995,34.17939027777778
51.334599358333335,46.91850974722222
51.40339322916666,22.40010143888889
51.996733750000004,0.739648611111111
52.313980416666666,35.16831666666666
52.4753147375,-22.047562972222224
52.49028922083334,27.93763865
52.63595041666667,46.939811388888884
53.556893724999995,-39.85961167222222
53.722152870833334,8.004005216666666
54.125448329166666,32.30815066388889
54.17945458333334,5.766164722222222
54.321305800000005,1.622992256388889
54.430875,50.764583333333334
54.57422333333333,22.726676944444442
54.878907445833335,-0.2233877805555555
55.04495708333333,47.54092444444444
55.1483661,-20.674674380555555
55.8706350625,36.37011941111111
56.09655071666667,15.995380363888888
56.13599791666667,65.30288444444444
56.27673560833333,14.897099494444443
56.64376708333333,54.016416666666665
56.98796208333333,23.6653725
57.15893567083333,-26.179565194444443
57.19543541666666,33.88749027777778
57.328089820833334,46.16657170833333
58.51542083333333,66.35725333333333
58.819129999999994,39.15272888888889
59.104998333333334,60.73277
59.62574708333334,56.11235916666667
58.625048475,46.72187514722222
58.692190833333335,80.15800444444444
58.72913583333334,72.91068083333334
58.69219142916666,80.15801325277778
59.03525041666667,29.061743611111112
59.34004113750001,23.331618358333333
59.76099984166667,60.089463486111114
59.873946925,50.963933752777784
59.93713708333333,32.34643208333333
60.0488974,5.845311922222222
60.3329704,4.226224613888889
60.43818458333333,21.17461388888889
60.58860844583333,-30.20945956111111
60.7732752,26.000417427777776
60.97395795,-35.916135222222216
61.39168083749999,-12.862863597222223
61.45525987916666,38.05895430555555
61.64294705416667,6.620830713888889
61.74598061249999,-37.55887720555556
61.871195833333324,7.702083333333333
61.89133791666666,-32.937221944444445
61.95486124999999,68.358785
62.08490649583334,30.541802883333336
62.27404055,-11.353293305555557
62.27791666666668,-16.04721138888889
62.357697500000015,6.676412777777778
62.34170308333334,12.294402083333333
62.34334333333334,38.80922944444444
62.69002375,76.94591694444445
62.89107291666667,8.719835555555555
63.139401695833335,0.18013700833333332
63.181945212500004,23.084848052777776
63.191434175000005,18.943632391666668
63.2539325,-33.497168611111114
63.65523228333333,34.31422427222222
63.98552715833334,44.880467625
64.01816559166667,-19.05902283611111
64.15226860833333,-17.147683299999997
64.58865416666666,38.02661111111111
64.58058541666666,54.954257500000004
64.84395641249999,39.92471601111111
64.83088708333332,57.38332694444445
65.58843999999999,30.96935222222222
65.68499494999999,53.40729531388889
65.71756101666666,2.3241477555555554
65.81583636250001,-0.6574818583333334
65.98337414583334,41.83408688055556
65.9718375,34.86237222222223
66.03567511666667,2.0736013750000004
66.17601552916668,-36.06089326944445
66.19517521666667,0.601758286111111
66.3519275,17.923645
66.65251709166667,5.305520011111111
66.70860583333334,68.43137638888889
66.72120833333334,57.91927777777777
66.73222826666667,23.46100935833333
66.94185646666666,41.55030545555555
66.948210475,4.952312772222222
67.0242030125,32.997789958333335
67.16843460833333,-36.06122769166667
67.27509041666667,67.17126694444445
67.44675416666666,-33.55506666666667
67.47067958333334,27.410516944444442
67.765675,20.626180555555557
67.98908017916668,17.526604280555553
68.02685083333333,31.52036111111111
68.15209420416666,41.64123570833333
68.29623139583333,5.354338727777778
68.40763708333333,29.09873888888889
69.25617806666668,-17.253162941666666
69.26822916666667,29.670505555555557
69.52063166666666,30.0793025
69.74628249999999,48.81293944444444
69.75356130833335,-44.627065944444446
69.82407458333333,30.752085
70.03280000000001,42.74451416666667
70.07158330000001,-42.44760998333334
70.088085,14.632486666666667
70.11558958333335,27.477962777777776
70.39073083333334,-32.332299722222224
70.66108650833334,0.2953941944444444
70.88181332916666,34.685184469444444
71.05194196666667,10.713128975
71.25595304166667,7.264976119444444
71.54788916666666,39.004751666666664
71.9053425,-21.93977636111111
72.14650333333333,36.49206138888889
72.21005458333333,11.465108611111111
72.28196299583333,11.357943505555555
72.34712744166667,63.535954024999995
72.42608083333333,-38.814151111111116
72.68199625,40.937214722222215
73.2593275,1.4765625000000002
73.3110283625,-27.872964555555555
73.84859791666666,-19.4293025
73.96155207500001,-45.733699352777776
74.19656135416666,4.014707583333333
74.26324679166667,-22.58554998611111
74.28212469583333,6.752016844444444
74.72850708333334,55.14501166666667
74.96687776666666,2.4919934194444444
75.30337453333334,-0.012706611111111163
75.4386285,13.93533906388889
75.56435805833334,6.152081750000001
75.638414625,13.636377416666667
75.65828208333332,41.65537138888889
75.74409416666666,25.273400555555554
75.83832157083333,2.051298994444444
75.95922625,44.41097194444444
76.3466030125,4.995201244444445
76.848575,46.761763611111114
77.17651459583334,84.5345955611111
77.27435458333333,35.471469166666665
77.358185275,5.693148202777778
77.36440448750001,10.195722266666667
77.50987134166667,18.011550475
77.90966525833333,13.955331494444444
77.99005204583334,1.1803987444444446
78.17088708333333,15.289855352777778
78.21893333333333,40.69544527777777
78.41680214166668,1.0060151138888889
78.454643025,-20.01219666111111
78.57791541666667,56.036404999999995
79.06637230833333,-15.947879288888888
79.37041416666666,45.61801972222222
79.46393395416666,6.8008918638888884
79.51593537083333,20.914582541666665
79.5214325,33.10371361111111
79.55037458333334,47.51542666666667
79.79504708333333,8.815754722222223
79.8876025,27.734518611111113
80.19800000000001,45.476375555555556
80.29119175416666,16.639458672222222
80.41206249999999,-19.205725555555553
80.44152428333332,21.214292044444445
80.57278099583333,1.2253295277777778
80.74160271249998,-35.541430299999995
81.0559725,70.58136638888888
81.88627262916667,3.5254212916666665
82.5331783125,-24.94169455833333
82.73506976666667,13.531985986111112
83.16249387916666,7.54537385
83.31610744166666,48.38133551111111
83.68549291666666,19.455938333333332
83.97965833333333,39.18288805555555
84.0842996,50.640625433333334
84.11849291666667,-33.98017194444444
84.3752625,44.68431472222222
84.70983979583333,-43.91418358888889
84.88337564166667,-14.158244094444443
84.92652499583333,14.562656083333334
84.97617262083334,-27.33445904166667
85.3173918125,53.206898375
85.40868076666666,-4.302936558333333
85.45518954583333,47.48544754722222
85.65057465,49.85200932222222
85.91184375,82.64131694444445
86.21749791666667,11.313863611111111
87.69741208333333,23.44671611111111
87.79678791666666,8.486447222222221
88.20875615833334,3.2242342083333333
88.07473699583335,37.90702275277778
88.10785750000001,19.227854166666663
88.22082166666668,72.6792025
86.89228725416666,27.36578955555556
88.53970666666667,35.6920575
88.87835670000001,39.81365694444444
89.50037125,34.31343694444444
89.75188625,37.83208805555556
89.80580909583334,58.06762395277778
89.8834713875,23.898313027777778
90.7880427875,17.704669638888888
90.9648212125,21.993804861111112
91.10490791666666,-41.575113055555555
91.11945625,20.356175555555556
91.148453175,44.23293041666667
91.20570624999999,10.92787861111111
91.22964166666665,24.49861361111111
91.29213791666666,9.653775833333334
91.46189729166667,40.502250841666665
91.8468957625,47.663039508333334
91.96946509166666,67.34872493611111
91.99874684583332,-7.419450513888889
92.24869515,-21.660845577777778
92.38556833333334,48.07099194444445
92.42062307500001,-14.288702044444445
92.70363384583334,72.81477424166667
93.21327333333333,41.377055
93.40147833333333,17.140277777777776
93.45890250000001,26.076869722222224
93.49038652499999,13.112611433333333
93.59944247916667,60.772709827777774
93.70482875,51.03697888888889
93.7668875,48.31798305555556
94.14992243333333,-33.06206536944445
94.320510675,57.02122868055555
94.38468303333333,-35.429221696666666
95.71760416666666,33.436231666666664
96.07925543750001,38.94687108611111
96.44132791666668,14.672097222222222
96.326105775,44.667118394444444
96.51252578333334,82.04043545555555
96.79206666666667,-4.115342222222223
97.3490077125,-18.011187930555554
97.53024458333333,17.636924999999998
97.7544225,20.349779444444444
97.7999919125,-40.092514969444444
97.894524675,53.191043413888885
98.06386208333333,10.367132222222223
98.13964708333333,15.906270833333334
98.179731375,15.999338824999999
99.04590791666666,50.16656444444444
99.51196627499999,59.55617064444444
99.83710280833334,-32.23330192777778
99.84150496666668,73.41612235833334
100.46305625000001,-2.6531944444444444
100.51773924166667,67.97656134722223
100.52555916666667,88.19861388888889
100.74225083333333,35.15510777777778
100.86021541666666,8.960555277777777
101.10534041666666,-33.00496111111111
101.22378979583333,39.246537072222225
101.35041461666667,21.364222666666667
101.56351291666667,30.689908055555556
101.63344160416666,44.85460836944445
102.05873517083333,-29.261205722222222
102.19632916666666,49.12242666666667
102.60242438333333,-15.37229861111111
102.63022635416665,60.02904324722222
102.97896125,69.18686666666667
103.25249458333332,-5.5743
103.49284517499999,37.094612894444445
103.59880688333334,45.239873772222225
103.79176965416667,41.0028224
103.81175958333334,54.14956138888889
104.04442875000001,42.61743083333334
104.04634291666667,-2.614822777777778
104.27364958333332,24.398726944444444
104.69374291666666,69.3471375
104.82498344166667,8.225264775
105.00635640833335,17.156028205555554
105.63246583333333,26.736403055555556
105.63676083333333,85.83124222222222
105.64897583333334,-9.748233333333333
105.7236625,44.519983333333336
105.82961125,0.8513747222222222
106.03982608333332,47.01556649166667
106.63949249999999,-22.806241666666665
106.7525652125,61.16989090833333
106.85827708333332,29.288518333333336
107.29336,-10.536543333333334
107.58389208333334,-2.2756125
107.69210375,47.53642851944444
108.40901720416667,43.82144638333334
108.51931333333334,14.605730277777777
108.60340616666667,35.577720925
108.650515,74.13615055555556
109.46605169583333,45.63423923888889
109.83092041666666,33.119364166666664
110.08957791666666,47.62892027777778
110.34962494999999,4.112281641666666
110.4727019125,71.34343427499999
111.07208000000001,-6.7443725
111.32003230000001,14.420485233333332
111.45902458333335,-18.928029444444444
111.46099980416666,0.9157067722222223
111.54889657083334,79.19194895555556
111.55942208333335,21.88892388888889
112.04313708333333,14.62666361111111
112.08586790416666,21.885108494444445
112.20679847083333,57.023437333333334
112.27256631666667,-35.33743319305556
112.5796353,-10.313166533333334
112.71394404166666,40.83078518055556
112.77777916666668,-22.303381388888887
112.88130958333333,-21.594142222222224
112.89060166666667,24.866268333333334
113.09495208333334,1.8431611111111112
113.46883565,50.36918390833333
113.48941875,4.9373625
113.75963198333334,47.835674297222226
113.94088536666666,-16.403193825000002
113.96976291666665,20.61078527777778
113.98152499999999,33.119280555555555
114.05693124999999,29.9061675
114.24197125,26.080523055555556
114.37536597916667,59.68422639166666
114.49574875,64.51204277777778
114.53080727916667,17.70527729722222
114.57062151666666,-32.62978399722222
114.58246708333333,-29.58197611111111
114.73823126666666,-5.55053985
114.82514122500001,1.6179494527777778
114.84868625000001,70.38659416666667
115.06132916666668,-23.25646861111111
115.13976625000001,28.879795555555557
115.29459711666667,31.200063505555555
115.35722012083333,27.11260865277778
115.51145398333334,49.00433588333333
115.66580208333335,54.740184166666666
115.77127791666668,17.240112500000002
115.79119390000001,39.69188348055555
115.93738583333334,23.477497777777778
116.072755,37.88811277777778
116.09025208333333,-5.506697777777778
116.3877479625,10.186859019444444
116.42363134166666,31.71572656111111
116.47534297083332,0.7382055
116.49719291666666,33.226147222222224
116.57598125,-14.073757777777779
116.607809025,25.81725968888889
116.66846791666666,27.58307
116.81086482083333,76.65479763611111
116.83203458333334,-32.8202425
117.01286666666667,-15.336066666666666
117.150455325,24.006697272222222
117.34356949583332,74.34488679722222
117.426065,-43.791800277777774
117.50137708333334,18.38650277777778
117.58515126666667,48.24821011388889
117.71685721249999,12.518007822222224
117.68033083333333,79.15472222222223
117.74064818749999,82.69945329166667
117.75950916666666,1.871043888888889
117.97363849166666,33.22217162222223
118.17045000000002,37.506752222222225
118.25576905416665,53.883232544444446
118.26390617499999,42.525212580555554
118.69029916666668,48.39742972222222
119.22754708333333,63.79973138888889
119.24810708333334,51.85006583333333
119.2776789,9.943014472222222
119.53191,11.612791666666666
119.61711666666667,37.78661388888889
120.3895875,14.245112777777777
120.44372833333335,-27.481420555555555
120.67328708333334,25.153031944444443
120.70013310416668,18.16368046111111
120.98518500000002,4.350756666666666
121.19981083333332,10.256263333333333
121.2143799625,-26.18018883888889
121.32577125000002,61.739905
121.410555,21.11430888888889
121.55301072083334,-25.124081158333333
121.63946876666665,45.075631138888895
121.91044083333335,13.871491666666667
122.06473348333334,-6.1472537944444445
122.16186583333334,5.244428055555556
122.16527614166667,49.84348068333333
122.23605015833331,40.87913580277778
122.06871583333331,73.25332777777778
122.423885,53.690303611111105
122.74580375,41.567445000000006
122.86128050833335,1.7811722277777777
122.75253916666666,57.23680388888889
123.40021583333333,48.217295
123.53842374999999,32.62554
123.56102624999997,-34.3595575
123.62627916666665,45.94430277777777
123.66329375,64.52278583333333
123.85810343333333,36.58754119444445
123.86597499999999,-2.8592091666666666
124.29395083333334,23.873319444444444
124.73432083333334,5.293687222222222
124.56666500833335,42.379281927777775
125.23936506666669,-11.016897363888889
125.39093,47.04363
125.475285,28.96099
125.73981833333333,40.697157499999996
125.853163225,22.384246686111112
125.92137499999998,29.47449333333333
126.13753916666667,24.645308611111112
126.19681812916666,55.87851927222222
126.23118277083334,39.27830675
126.29954791666667,13.542372499999999
126.41088439999999,61.95793869444445
126.44747583333333,27.072786944444445
126.45974314583333,3.15681115
126.50655378750001,-21.492443858333335
126.82170041666667,-19.560634444444442
126.91078427083332,35.418077024999995
126.97374416666665,52.299524166666664
127.01991778333333,-36.481588711111115
127.71702580000002,24.183283461111113
127.95365397916667,4.4941903722222225
128.06683426666666,18.536703683333336
128.09673619999998,49.22251061944445
128.32880583333335,3.842321111111111
128.47452234583335,42.400514030555556
128.72876715416666,55.57251971666667
128.57310999999999,60.32974111111111
128.83606322916668,-44.823568541111115
129.09536942083332,27.481259288888886
129.15371935416667,41.431864527777776
129.16339672916666,-19.716804583333335
129.29659166666667,-18.134219444444444
129.3433738875,58.417179225
129.41769031666666,24.906422666666664
129.87800375,18.04642805555556
129.95498262083336,3.3316272277777776
129.95671249583333,1.07409325
129.98567541666668,42.46550638888889
130.1982875,13.206544444444443
130.35152200416667,70.89504808055557
130.52122574999999,18.594719613888888
130.9545925,68.5547661111111
131.12124,38.51546888888889
131.321435,4.663155833333334
131.50305772916667,-25.81829008333333
131.89291458333332,46.15777722222222
131.86691682916666,57.393981375
132.60304583333334,37.78596472222222
133.02154458333334,28.56659638888889
133.25110791666668,-19.208862777777775
133.450795,6.913118611111112
133.64598708333332,7.3400380555555556
133.6749849375,57.958316466666666
133.7107325,62.313941666666665
133.70245333333335,80.57288694444443
133.70364552083336,20.108511355555557
134.23851875000003,21.19545666666667
134.22862291666667,71.77330388888889
134.6731325,14.16239611111111
135.16682916666664,-27.861013888888888
135.57012877916668,-13.741423505555556
135.76662542916668,46.85114931388889
135.97147953333337,67.95630174444445
135.99406007083334,51.85018378611111
136.42402708333333,28.824515833333333
137.23302416666667,16.165208888888888
137.29204832083335,1.3598937916666667
137.38957083333332,42.89624444444444
137.41603375,2.001463333333333
137.94901750000002,33.82133972222223
138.10327333333333,22.085063888888886
138.65797270833332,2.7664572138888888
138.6642658333333,35.20127416666667
138.9653979166667,0.12036222222222222
138.96834008333332,29.55667853888889
139.20376895416666,38.90781850277778
140.24357700000002,44.698329172222216
140.25443666666666,8.084908611111112
140.37230780833332,-25.687948322222223
140.38072333333332,13.846730555555556
140.400962725,62.264494541666664
140.69340945,-38.006925691666666
140.81022249999998,38.82775111111111
140.88043833333333,41.4242875
141.28256261666667,0.3205370583333333
141.43188625,31.453009166666664
141.76255798333332,39.039125541666664
141.96593467916665,-19.41910203888889
142.31433419166666,50.22666390277778
142.4292845833333,86.20590638888889
142.71772583333333,0.5830391666666667
142.73032947916667,35.06044681388889
142.64617124999998,46.73573583333334
142.7240925,74.33498027777777
142.77226000000002,14.237922777777777
143.17146180833333,53.10938911111111
143.56567617916664,49.13936966666667
143.80683791666667,9.252170277777777
144.30136404583334,50.147804855555556
144.84827041666668,83.25754722222223
144.95673458333334,41.698385277777774
145.06134124999997,26.058317777777777
145.45048333333335,27.477449999999997
145.82176791666666,17.038602500000003
145.90393484999998,-7.674774333333334
146.21731370833334,52.04283800277778
146.40883624999998,35.581966111111115
146.42538621666668,46.61405455
146.64612208333335,10.285035
147.2305756041667,40.66238533055555
147.23883708333335,0.3737675
147.30087500000002,66.24981138888889
147.41567791666665,17.880395
148.133442225,35.21455646666667
148.49679833333332,17.34907472222222
148.66581166666668,26.656815833333333
148.69767540833334,74.59920706666666
148.73676510833334,17.72533956111111
149.20781400416666,25.254458269444445
149.40910404583332,55.38271367777778
149.5819652,47.418845138888884
149.5872900875,32.40061369166666
149.65753416666666,50.66596638888889
149.6968545875,65.56522723888888
150.29252344583335,29.193760097222224
150.29978830000002,34.41401641666666
150.49056235,10.263806780555555
150.49961687916667,-43.36649913055555
150.72018821249998,12.270718627777779
150.98985272916667,32.734317233333336
151.50729166666667,34.90288888888889
151.76812465416666,-1.8803006333333332
151.9229086625,13.941555816666668
152.00006666666667,7.504597777777778
152.0034007125,6.355893072222222
152.56576269166666,82.8373289111111
152.7515,6.411166666666667
153.06829,23.204058888888888
153.4567251125,34.76410660277778
153.4726197375,24.821233638888888
153.69610602083333,23.02126969722222
153.93343085416666,12.451963688888888
154.01306864166668,5.2173167722222225
154.1846752625,20.629807016666668
154.35786490833334,61.27430464444444
154.53861458333333,-30.2627825
154.54578366249999,35.710955919444444
154.61603455416667,5.5083225916666665
154.61980000000003,-30.601700555555556
154.961995375,63.333788425
155.01397791666668,-41.13846222222222
155.3228112125,34.62268475277778
155.47720374999997,21.99178888888889
155.62624666666667,30.68470361111111
155.55471833333334,42.65711583333333
155.79819009583332,39.80427371944444
156.12327754583333,0.8820827361111111
156.186706625,19.205670941666664
156.484522325,12.896950622222223
156.804495,48.053754999999995
156.85061916666666,74.47391583333334
157.08500532916668,2.922908702777778
157.34096125,5.327432222222222
157.93648452916668,60.341767841666666
158.2654493375,41.26839804722222
158.3045275,-33.687382222222226
158.34192078333334,39.59752315833334
158.46428749166668,60.85203738055556
158.75898030833335,-19.807122291666666
158.77933291666668,56.479664444444445
159.31699889166669,-28.432551883333332
159.41391625,4.400485833333334
159.43264166666668,28.583180555555554
159.69491791666667,5.208082222222222
159.57579125,42.74521277777778
159.77793785833333,-14.314807822222223
160.32151043333334,6.171367716666667
160.36293083333334,21.02819361111111
160.44491666666667,52.55783805555555
160.41200791666668,2.7085600000000003
160.68585505,12.05868446388889
160.7876490708333,24.143169294444444
161.04447090416664,53.37237264444445
161.096093975,80.91095639722222
161.23296349583333,6.927295213888889
161.30983541666666,17.59669111111111
162.02758585833334,-18.840075847222224
162.0322725,0.9287438888888888
162.11508298750002,71.72664952222222
162.15946250000002,-40.766644444444445
162.75572416666665,20.455557777777777
162.76990640833333,-30.36269238611111
162.95328780416665,21.331198363888888
164.2234062166667,70.19608773611111
164.48087519583333,-23.436424513888888
164.51217,43.07819583333334
164.6571925,56.46977305555556
164.54806402083332,81.24240978055556
164.6233550375,1.5663399222222223
164.91267666666664,20.956109722222223
165.37529333333333,39.07572805555556
165.45335568333337,72.4269773
165.55953524166665,27.95241387222222
165.80542455833333,30.245195105555556
165.84611535,22.060477819444444
165.76470791666668,11.971280555555555
165.88136007500003,-31.145363419444443
166.11380809583332,38.20883310833334
166.2237275,60.64869083333333
166.593,-20.850099444444446
166.5302483333333,28.213066944444442
166.78622556250002,-43.1812171
166.812697625,16.467290427777776
166.92385000000002,72.54333416666667
167.09782053749998,43.514904780555554
167.37029916666668,37.74192333333333
167.55453384583333,60.47849082777778
167.833607525,19.926666969444447
167.6931075,44.057204999999996
168.16153624999998,34.77753361111111
168.20770292916666,-20.02518003888889
168.49456290416666,14.707486838888888
168.66049999999998,40.62218333333333
169.04155333333335,8.489450833333333
169.47222458333334,41.337854444444446
169.61232330833334,-45.42916619444444
169.7387560125,12.578255016666667
169.85541666666666,-2.952411111111111
170.03800328333332,-24.86455325
170.16018291666668,7.079766111111111
170.11586361250002,14.348608777777779
170.17936666666665,23.46526111111111
170.62379779583333,18.090650944444445
170.7880025,5.505770555555555
171.13162375000002,23.132215555555558
171.01128,23.612744444444445
171.49476666666664,20.098439166666665
171.4737996875,26.172216300000002
171.7402291625,45.268411825
171.76830186666666,-17.045155094444446
171.91722945416666,56.83744279166667
172.05558618333333,59.420777558333334
172.52938575,-13.17572551111111
172.64979291666666,8.778635555555557
172.67678416666666,30.52649027777778
172.72201088333335,38.25515196388889
172.78949875,31.234858333333335
172.87715305000003,-4.994539622222222
173.19007875,0.5743947222222222
173.26262416666668,0.2636058333333333
173.33356582083334,0.6813436666666667
174.11393916666665,34.12764
174.11002875,70.15758444444445
174.58807249999998,47.75428
174.76139333333333,40.548566944444445
174.96478875,76.90896916666667
174.79459408333332,-12.154544480555556
174.99392416666666,65.79623722222222
175.30095125,64.16819000000001
175.64585791666664,-10.303378333333333
175.85453875,22.115574722222224
176.34186175000002,-21.157960283333335
176.33881625,4.924083055555556
176.41049583333333,44.33942166666667
176.43072833333332,49.76890611111111
176.53376405833333,-23.207528663888887
176.60911932916667,-27.011526477777778
176.61213183750002,58.80951753055555
176.61855,-32.52148333333333
176.68418469583335,53.94530084722222
176.74290794583334,39.976195725000004
176.75571126666665,-37.796937908333334
176.99902333333333,26.595092777777776
176.84221085833335,35.018756366666665
176.96480848333334,-6.588571919444444
177.1574066666667,18.669161944444447
177.20982600833335,59.41566178611111
177.23570423333334,52.90703425833333
177.28711041666665,28.409695277777775
177.58005072083336,24.298287508333335
177.6827948375,0.39839025
178.13697291666665,49.66077055555555
178.30207970833334,80.97476514166667
178.351944275,49.519119483333334
178.4777457,40.61461637222222
178.59081208333333,-34.90861333333333
179.07805041666666,31.4678625
179.39515110416664,16.64990286388889
179.6074479375,24.83832324722222
179.61153964583335,48.42117478333333
179.7969469625,-21.523082722222224
179.80296535416667,-8.318875355555557
179.79944749999999,9.913059444444444
179.8826412958333,29.245507483333334
179.9662755625,-20.185081219444445
180.07927166666667,73.0125575
180.8743941666667,48.05378583333333
180.76461625000002,60.52198055555556
181.38838472916666,-25.432093175
181.60286166666666,64.22703888888888
181.65439375,39.684371666666664
181.74178375,5.497851666666667
181.80260208333334,12.196079166666667
181.86625197916666,27.916347213888887
182.11458122916665,54.222088375
182.2260675,54.69949527777777
182.26018803333335,-23.894233455555554
182.30594000000002,43.654896666666666
182.3449500375,41.32815835
182.396847325,-39.729694377777776
182.41690125000002,-31.75198972222222
182.43790375,25.784375555555556
182.46567333333334,18.16855277777778
182.77786,18.342849166666664
183.76657968333333,16.91054371111111
183.94479904166667,-16.470721419444445
183.98167103749998,34.804227925
184.295911225,58.59062451388889
184.46700827916666,30.11684340277778
184.5260495125,-45.99194249722222
184.6087254166667,11.084796666666668
184.77672805416665,48.49893471388889
185.01511708333334,71.09198527777777
185.02843583333336,29.280754444444444
185.03454416666668,34.52270027777778
185.04952125,2.0617280555555553
185.24679166666667,38.148803888888885
185.36268601249998,44.19157548333333
185.38204381249997,28.232916738888886
185.46806041666667,5.171131111111111
185.59395674166666,4.221048972222222
185.91390208333334,46.18850111111111
185.91873916666665,80.66786777777779
186.2146079166667,43.58868944444445
186.21842474166667,3.513970252777778
186.22690994583334,21.379552391666667
186.46070444999998,39.239635211111114
186.99468935833332,36.58661870833333
187.10402,31.477115833333333
187.19760250000002,37.10335611111111
187.21569958333333,48.96702555555556
187.27791553749998,2.0523883861111107
187.52940208333334,58.50215861111111
187.55871333333334,25.301983055555556
187.70593075416664,12.391123313888889
187.86494291666668,4.300526388888889
188.14495083333333,48.35915111111111
188.30374166666667,80.90943416666667
188.77419833333335,36.35536333333334
188.92472083333334,-40.11166388888889
189.21437125,39.34102611111111
189.40175833333333,19.4112875
189.51019333333332,7.389398055555556
189.8524513,7.504774747222222
189.92942290833335,-9.608696444444444
190.5408849083333,37.33491454166667
190.58193749999998,-3.2275805555555555
190.71403790833332,37.850006980555555
190.937635,74.71031305555556
191.20494672083333,40.801709325
191.51763380416668,-6.487062638888889
191.69500850000003,-24.202975324999997
192.07826956666668,58.34131028611112
192.09957582083337,-18.011503438888887
192.15528625000002,20.37397388888889
193.10994708333334,56.57205916666667
193.29967208333332,53.01992416666666
193.6593983375,11.684970852777777
193.6894375,2.558043333333333
193.88233916666664,18.29747888888889
194.04652733333333,-4.210687616666667
194.05930814583334,56.873677058333335
194.23846041666667,47.33883777777778
194.48846541666666,32.49147722222222
194.49608668333332,-30.078652263888888
194.72699491666668,-21.674687375
194.87989624999997,51.682291111111105
195.08716166250002,14.288480852777777
195.11887416666664,28.50283361111111
195.15182833333336,8.467460555555556
195.17099166666668,14.291505277777778
195.1718626625,50.49354590555556
195.57165583333332,48.32154777777778
195.65801916666666,69.04767027777777
195.71860534166666,57.810447061111105
196.38756260833333,-9.444603274999999
196.25007166666666,78.90993416666667
196.51395708333334,55.495517222222226
197.03302458333334,49.96484944444445
197.09340208333333,65.73660583333333
197.09874458333334,35.77701277777778
197.16320416666667,-8.157588888888888
197.29064367916666,55.960609925
197.39138512916665,11.906820116666667
197.61876124999998,0.7357972222222222
197.6194326875,32.34549526388889
197.72329815416666,46.897838316666665
197.74751135416665,32.55956932222222
197.76337893333334,55.2317558
197.91389458333333,-21.72173666666667
198.18062916666665,48.47525888888889
198.36660333333333,67.59732666666666
198.40772066250003,54.97330408333333
198.68262755833334,53.107702825000004
198.75772125,12.347954166666668
199.03327474583335,-32.35022986111111
199.40205912083334,34.421092405555555
199.94248333333334,51.80160055555555
200.29667249999997,22.270025555555556
200.32838375,11.11375111111111
200.4400397375,83.27039525277777
200.54751125,21.80341
200.767692425,-43.12392961111111
200.96487410833333,79.71440196111111
201.0503983375,40.803267641666665
201.1222554166667,47.72239555555556
201.56880088333332,31.90264316111111
201.7107125,57.20187055555556
201.75358879583334,22.18060085
201.83741249166667,43.44110815
202.2741683333333,50.157335277777776
202.47027054166665,31.90307083611111
202.65703833333333,25.15304944444444
202.7845332666667,30.509155236111113
203.18851833333332,47.37296222222222
203.841509325,45.71061981666667
203.8580352666667,58.73341422222222
204.41576158333336,-11.043140769444445
204.45684264166667,55.017254944444446
204.533625,-5.546888888888889
204.70741541666666,38.85329166666667
204.83287811666668,-25.658195583333335
204.84909606666668,63.48289589444445
205.09563250416667,37.91217601111111
205.31368625000002,28.26808638888889
205.53490499999998,27.158506944444444
205.55427041666667,60.36180138888889
205.75074791666668,28.735415833333334
206.03616530833332,66.10323439166666
206.09892541666665,14.154126666666667
206.3598925,49.77581222222222
206.75634583333334,-7.943377777777778
206.88900685416667,12.29006636111111
207.39440259583333,53.68806674444444
207.46319791666667,-38.619369999999996
207.71973419166667,30.581552919444444
207.96937337916665,-13.179290072222223
208.07433625000002,31.4463
208.23556215000002,-43.788781255555556
208.34516541666665,14.59423888888889
208.34649041666668,75.54936111111111
208.52873049583334,-1.8991137472222221
208.69379916666668,-9.31593
209.02243166666668,-33.646993333333334
209.26848606666664,19.318714538888887
209.27530916666666,-16.266137741666665
209.29685405833334,-14.542003741666667
209.41948416666665,43.89990861111111
209.4807146625,76.72251419722222
209.66943583333332,47.63286277777778
209.86311583333332,1.9984841666666666
209.90872625,40.19396111111111
210.11938583333335,62.177368333333334
211.0219833333333,65.86042111111111
211.19123107083334,-0.4939036972222222
211.25466588333333,4.259949708333333
211.28247875,40.94940194444444
211.65237291666668,78.46956111111112
211.75164337500001,28.45408055
212.05394416666667,56.22569083333334
212.23533833333335,-6.125926019444444
212.45904073333332,-25.039727855555558
212.51940125,2.0519119444444445
212.64614666666665,7.522632222222222
212.83603208333332,52.20253916666667
212.978592275,21.573176758333332
213.868611675,37.105878475000004
213.99507291249998,13.339920166666667
214.0174426625,34.7434521
214.28400542083332,46.11818010277778
214.78408405416667,6.4763343027777776
214.94415583749998,54.387440891666664
214.94422400416667,38.36346533888889
214.99707109583335,27.107097969444446
215.08704875,17.058110833333334
215.00141958333336,37.35963111111111
215.2745,41.747080555555556
215.62657333333334,32.3862275
215.77565307916666,48.03634597222222
215.80911166666667,50.92702444444444
216.1545025,47.09908111111111
216.37131749999998,-28.00157472222222
216.4542417125,14.415806266666667
216.65453122916668,36.41932609166666
216.98457316666668,-41.89460066111111
216.75164625,23.80001138888889
217.11747125,-26.302488333333333
217.34116162499998,54.103089697222224
217.27211458333332,63.26796
217.5405782958333,10.724128325
217.66909791666666,36.817748611111114
217.83557666666667,39.87820583333333
218.24037767916667,-17.973541986111112
218.3394137875,-14.187586858333333
218.52372699583333,42.05444209722222
218.66580565,19.86687106388889
218.89750902083333,30.206811275
218.94626741666667,76.09051691944444
219.1707546375,23.350905480555557
219.19084224166667,63.61051849444445
219.5394559375,-21.918125530555557
219.68661375,62.19844361111111
219.72337916666666,37.17650666666666
219.78709666666668,21.247448055555555
219.86947875,-15.015810555555557
219.9457325,49.968182222222225
219.9869668916667,-14.46929021111111
220.50057124999998,32.57230555555556
220.98704708333335,25.029027777777777
220.99416998333334,63.54065700833333
221.31860505416665,9.97668678888889
221.47240132916667,-15.516216911111112
221.64727624166667,17.352105927777778
222.062725675,-15.659847533333332
222.11991198750002,76.01988810277777
222.20983786666667,4.038859091666667
222.34048041666665,63.27068472222222
222.62987060833333,9.174432005555555
223.47333597083332,26.80928063888889
223.61420735000002,-36.20745976944445
223.63713487916667,-39.790968225
224.40886961666666,7.831865275
224.6866434875,37.33933962777778
224.747317525,4.270505713888888
224.7815994458333,71.67218548333334
225.20272582916667,47.85431618333333
225.39484125,-38.688878333333335
226.10408242916665,10.49422184722222
226.11124875,28.908500555555555
226.27698817083333,3.441892391666667
226.53970815833333,37.51420344722222
226.68380583333334,49.5654975
226.60304041666666,83.32447388888889
226.72100772083334,42.65639869722222
226.76994566666667,-15.124925738888889
226.94744208333336,58.95768
226.99888333333334,4.2533272222222225
227.51217650416666,57.045382213888885
227.72329762916667,-4.281273005555556
227.92193833333334,5.302573333333333
228.2105539125,-8.90004736111111
228.41744012499998,23.64311123888889
228.43705601666667,-9.799926569444445
228.48737553750001,-20.750692527777776
228.644725,2.8801369444444447
229.1675794666667,0.25053026666666667
229.23665080833334,19.536942186111112
229.42422138333333,-23.62792335
230.02287375,20.268225277777777
230.34393165416665,4.341703786111111
230.45672447083334,43.610907769444445
230.26167458333333,78.97507833333333
230.65698329583333,-26.497004047222223
230.54164041666667,31.737338333333334
231.173380975,15.355847733333333
231.26222515416666,11.128905694444445
231.74766972083336,-12.149954566666667
231.67864255833334,66.84851160555554
231.82808375,31.256783333333335
232.88991037083335,72.11145202222221
233.71855697916666,1.5178351583333334
233.96682901666668,49.96085546666667
234.05769625,38.55794472222222
234.56647117083332,0.3181455972222222
234.79210291666666,4.514234166666666
234.9130854166667,27.74396666666667
235.20621462916665,14.796079125
235.35610041666666,53.803621388888885
235.75703152916665,-6.048158566666666
236.24761386249997,4.129543686111111
236.26176532916668,51.58357591111111
236.28554092500002,47.865184561111114
236.539714475,0.4401705777777778
236.83807666666667,49.61828055555556
237.32278555833332,50.634941166666664
237.37265352916668,2.616989852777778
237.454265,21.42746
237.6469551666667,5.452902286111112
237.68164541666667,11.346513055555556
237.99253264583334,58.11234829166667
238.38624110833334,12.947699047222223
238.5102908125,-26.922157458333334
238.92935125,11.190104722222223
239.04174208333336,20.07234777777778
239.46430822083332,0.030670475000000003
239.59145023333335,-13.833596969444445
239.70120458333332,56.42058972222222
239.87905254166665,3.080071377777778
240.53026445000003,33.44807574166666
240.90859708333338,15.900658333333334
240.9247091666667,11.096855000000001
240.98304827500002,57.51511446111111
241.1292697125,-43.30780298944445
241.18871541666667,1.2975616666666665
241.15564666666666,57.243520833333335
241.2591358333333,-16.429331666666666
241.56678458333337,18.249952222222223
241.7429304166667,27.284889722222225
241.5354933541667,31.412904969444444
241.8948431,-32.48085746388889
242.092325,40.20495583333334
242.0864658333333,56.232325833333334
242.1925132458333,10.485493291666666
242.30550313749998,26.691398994444445
242.67512625,24.24695861111111
242.95436708333335,18.943926944444446
243.42110103749997,34.21330808055556
244.1564867333333,4.992426841666667
244.45795055000002,2.778640333333333
244.76536534999997,6.217289880555556
244.81176925833336,22.79662531388889
245.13010494166664,49.03146036388889
245.76884012499997,66.40029965555556
245.9927179166667,7.691816944444445
245.9979875,-10.321169444444445
246.0322245833333,5.723397222222222
246.1033648458333,57.687855774999996
246.13408153749995,56.874444761111114
246.44538182916668,-24.539353644444446
246.48099208333332,-30.864349722222222
246.4902904166667,41.57795256111111
246.52508684583333,-28.142508033333332
246.65515708333336,58.15490888888889
246.90429999999998,12.268642777777778
247.43666500000003,15.005171388888888
247.4660166666667,67.95415222222222
247.81891622499998,49.46097662777778
248.13320825416668,82.53788886111111
248.64084541666665,62.759973055555555
248.81455405416662,38.1345835
249.15912458333338,21.21546083333333
249.4380440166667,47.292730927777775
249.55606788749998,57.33999421666667
249.61752416666664,62.57897722222223
249.85465999999997,86.53144277777778
249.9160122,53.96308860833334
250.12346987916666,39.779452372222224
250.19974520833335,12.333910797222222
250.35513708333335,22.951132777777776
250.5090708333333,-5.643386111111112
250.66839499999998,25.385475555555555
250.53270214166668,68.94437677777778
250.7450414625,39.81027609722222
251.06804333333332,7.342712499999999
251.4939695291667,63.503034022222224
251.73691122916668,40.988103361111115
251.51972291666667,-21.533360277777778
251.8900141666667,27.099543055555554
251.89546833333338,49.83349527777778
252.00639541666666,22.40919611111111
252.12190833333332,41.06820944444445
252.36532833333337,4.201105277777778
252.46037958333335,6.448178888888889
252.66476726666667,-28.270290294444447
252.65650916666664,8.41451138888889
252.765259925,1.4898496611111112
253.0058325,6.315373611111111
253.24379333333334,39.04717222222222
253.37462374999998,31.132475
253.46756953333335,39.76016913888889
254.1420354166667,18.440651388888888
254.33628714583332,57.09819548055556
254.4453289458333,48.14251141111111
254.50591335,34.724556222222226
254.51158170833332,47.63034203888889
254.53754774166666,7.690983533333333
254.6393639583333,5.254567902777778
254.6835875,-6.345103055555555
254.85062166666665,26.493616111111113
255.099815,5.378913333333333
255.03872042083333,68.50193400555555
255.22147522916666,-25.81896524722222
255.29066625000002,-28.089103055555558
256.82397257499997,45.602931322222226
256.8933969875,1.8126942305555556
256.9401516666667,13.51811527777778
256.97394833333334,18.777507777777778
257.18603,0.5859722222222222
257.39310575,-16.51850977777778
257.68354833333336,46.02488555555556
258.23752291666665,-27.84081777777778
258.380315,-25.018743611111113
258.3964516666667,49.275707777777775
258.6994041666667,-24.756904444444444
259.0466278625,21.870463255555556
259.0580750083333,68.61076238333332
259.400125,-32.29756555555555
259.41082375,-38.18539277777778
259.8043686208334,17.75178805
259.79555625,6.971040277777778
259.96752591250004,8.28432053611111
260.0908508333333,-34.12008111111111
260.28954599583335,35.70446208333334
260.66690708333334,61.099944722222226
260.6857595833333,10.226601944444445
260.6756575,28.25000222222222
260.9976620833333,76.88654166666667
261.02262019999995,40.07679356111112
261.6872729166667,6.655139722222223
261.64635000000004,32.223058055555555
261.7225525,27.287887222222224
261.86521170000003,45.51103649722222
262.029380075,12.260968333333333
262.07759938749996,50.21957500277778
262.10396964999995,4.451365002777778
262.24642374999996,38.6406825
262.64582708333336,0.4107425
263.26127412500006,-12.919569936111111
263.3133025,-36.62433444444444
263.58574389166665,38.964289750000006
263.7432374791666,9.449516683333334
263.9503611458333,36.27933649722222
263.95418825,50.81987940555556
264.30720434166665,6.350992325
264.66877,32.402518055555554
264.86412705833334,49.9176023
264.89735375,33.96894916666667
264.98803777499995,47.63287811388889
265.0244241666667,22.1835975
265.15407437500005,52.19539097222222
265.20396458333335,43.80448833333333
265.82450041666664,-29.028417500000003
265.99097416666666,19.58584111111111
265.9485270833333,37.798285
265.99523390416664,-2.1653842555555554
266.09826083333337,-30.723337222222224
266.10456623333334,40.24670577777778
266.36293333333333,-6.115666666666667
266.3967007541667,17.333728725
266.26944833333334,22.8800125
266.41682625,-28.992203055555557
266.5584756083333,62.448538449999994
266.8610303375,46.98081286111111
267.02608625,8.538689444444444
267.1368342958333,70.09743578333332
267.2728104166667,19.735791944444447
267.2515017083333,43.36424635555556
267.8867440541667,9.650202363888889
267.9278504166667,29.347279444444442
267.96359602916664,-24.59998316388889
268.19168125,17.5723175
268.34436625416663,44.162690577777774
268.426973475,28.801371966666668
268.7968445833333,33.84993666666667
268.85951958333334,-21.463724166666665
269.01511792083335,57.813332775
269.22127041666664,15.589118333333333
269.75149204583334,23.72970938611111
270.1031890291667,38.80852710833333
270.19034965833333,78.46778291944445
270.384645225,44.072750086111114
270.41207958333337,13.856597222222222
270.98451208333336,3.6854375000000004
270.89021708333337,9.573863888888889
271.06660252499995,1.0256687055555556
271.27685749999995,11.025456111111112
271.5831076416667,61.688424911111106
271.71116937500005,69.82447458888889
271.91954125,-24.89280388888889
272.0911912583333,45.70579616944445
272.29991082916666,27.969944327777775
272.51382988750004,56.82304678333334
272.7783333333333,-19.082376666666665
272.9299345833333,17.0825775
273.21225799166666,-5.193373941666667
273.24028833333335,56.06366611111111
273.38921625,6.261673611111111
273.31120593333327,43.071021244444445
273.4052791666666,29.877185
273.594609175,41.218224588888894
273.90330010416665,61.453235516666666
274.58048583333334,-10.853241944444445
275.1587795833333,-8.211924722222223
275.24103618749996,-24.529837622222225
275.4987526375,39.76657133333333
275.49789625000005,68.31194527777778
275.51275833333335,82.95574444444445
275.54153745,16.004123280555557
275.5454291666667,-12.837713888888889
275.6196008333333,-8.350879166666667
275.8869045833333,68.96461416666666
275.80878632083335,79.646945125
276.2005945833333,1.326158611111111
276.0118969125,10.739937224999998
276.0164483333333,11.460471666666667
276.02945155,56.85041413333334
276.40223625000004,-16.686126388888887
276.406675,-6.374938055555555
276.57379535,18.531358313888887
276.7499275,34.520583055555555
277.041073375,64.57112045277778
277.1276775,26.444332777777777
277.38243,48.74615583333333
277.4855009291667,39.959639744444445
277.5247495208333,6.321097911111111
277.7453454166667,-35.95829666666667
278.04602708333334,-19.33661027777778
278.08681666666666,-9.413555555555554
278.17495463750004,7.5319789055555555
278.18112967083334,13.962333416666667
278.20910679583335,28.559987583333335
278.4163125,-20.938875
278.55803041666667,-2.9774652777777777
278.58006874999995,-11.371959722222222
278.7641316666667,32.69633861111111
278.83198035,61.32778174444445
279.70345430833333,4.073519241666666
279.7284820833333,9.457749166666666
280.2381427083333,39.01270113333333
280.239075,54.87108888888889
280.5374581375,79.77142444722222
280.6401734833333,68.15700774444446
281.03026500000004,13.20779
281.2963812291667,40.130993625
281.39628695833335,35.687979586111105
281.8027554166667,8.17649361111111
282.09203574583336,32.31738986111112
282.14317155000003,32.73337203333333
282.31696791666667,67.09491109166666
282.33377708333336,30.40394138888889
282.61495752916665,28.420320991666667
282.5926670833333,49.989289444444445
282.94467375,0.5923372222222223
283.118949325,48.92985595277778
283.12655228333335,40.318502288888894
283.738749775,73.85552985277778
284.1326608333334,6.171320555555556
284.3566495833333,16.415512777777778
284.84748833333333,12.986644722222222
285.1444804166666,27.37524
285.70521875000003,-22.502198888888888
285.733078625,31.994917247222222
285.79836375,55.677346388888886
286.0598370833334,15.61068
286.79998708333335,1.4524927777777776
287.79022038749997,-19.884691925
287.99273999999997,16.19635027777778
288.10468172916666,37.67684583055555
288.226265,5.300278333333333
288.56013583333333,16.6107075
288.56024874999997,16.610839444444444
288.84924635,65.81288469722222
289.5447945833333,55.34405972222223
289.8222975,6.328546666666666
290.64457995000004,15.502786702777778
290.8634575,47.90467833333333
290.8841242291667,-20.924074144444443
291.0728495833333,33.49159
291.16439948749996,15.678872580555556
291.21273315416664,-28.758299680555556
291.49835570833335,21.107267272222224
291.52634125000003,50.88250583333333
291.6293766666667,42.16638638888889
291.87684428333336,61.29246644722222
291.9520633166667,73.96710276666667
292.1702312416666,8.813448072222222
292.3331145833333,5.132665555555555
292.4371541666667,25.721173055555553
292.71971833333333,15.542778333333333
292.85381995833336,22.72534968611111
293.3409066666667,15.079586944444443
293.4889079166667,65.67134055555556
293.7936369958333,20.531709527777778
294.01483664166665,71.52549594444444
294.3175723416667,-38.03290192777778
294.38098625000003,36.126623888888886
294.41524375,83.94138361111112
294.62778749999995,4.8032280555555555
294.86107391666667,-14.57137268888889
294.8898595833333,38.29316583333333
294.96585999999996,37.225138333333334
294.98856905416665,-9.955133027777778
295.3126204166667,-14.591303055555555
295.4835220833333,10.446800833333334
295.7443270833333,41.4897425
296.1313025875,54.80196196666667
296.47299982916667,70.93020334444445
296.8313629166667,12.815400277777778
297.01883333333336,35.939076111111106
297.4312170833333,50.69221722222222
297.4725840708333,-18.046297111111112
297.5230845833333,8.120550277777777
297.7790939166667,57.45477127777778
298.20114958333335,25.44816611111111
298.37864881666667,35.633155108333334
298.7982142,13.971178
298.9280761375,51.53015173055555
299.04621249999997,-6.3848425
299.19180416666666,28.349470277777776
299.2478575,-31.57047861111111
299.418958125,33.64109556388889
299.49924696249997,-37.24823437222222
299.9993845833334,65.1485188888889
300.2378768666667,-16.183979858333334
300.29434999999995,10.466145555555554
300.5434095416667,47.42465927777778
300.6749983333334,15.020723055555557
300.71706916666665,45.10231638888889
300.8504846083333,-31.13746324722222
300.87601958333335,30.575218055555556
300.97714625416666,66.43232710000001
301.28501374999996,18.426237500000003
301.37916049583333,77.87867989166666
301.47947,-36.605224722222225
301.57372755833336,64.412616075
301.86987953333335,66.12292655277777
301.9372702125,40.49683448333334
301.93907083333335,37.36725194444445
301.79964666666666,6.612387777777777
301.97995,-43.42136055555555
302.235075,52.225544166666666
302.36342041666666,13.304016111111112
302.35461541666666,25.09654111111111
302.46793280833333,72.488708625
302.70710958333336,33.37045194444445
302.8092326958333,-5.265679113888889
302.8154622125,-14.222151716666666
303.02348936666664,46.48216026944445
303.86972208333333,37.18319583333333
303.8701327291667,34.17761384722222
303.8298645833333,52.899924722222224
303.98070301250004,65.91462754444446
304.0577501,16.54280909166667
304.19009874999995,36.00928805555556
304.3044970833334,74.68000055555557
304.54713416666664,8.53182027777778
305.3970008333333,5.251325
305.26448375,23.309908888888888
305.5278403291667,61.61633463888889
305.6482332041667,76.19060325833334
305.82923896249997,31.883973875
305.9826834333333,54.459952497222226
306.21347041666667,27.60047777777778
306.2356810375,17.303666
306.09464041666666,0.46474305555555556
306.29013403333335,3.27902925
306.2951754041667,33.71672626111111
306.3540525,50.47765277777778
307.9498273416666,54.91753905555555
307.9791428291667,12.328150119444444
308.3834516666667,21.77287861111111
308.65462625000004,11.90871888888889
308.84305548333333,10.935219213888889
308.89158499999996,18.95148638888889
308.9492045833333,-33.097520833333334
309.65431147916667,51.320184080555556
309.89502666666664,21.869344166666668
310.03655363333337,-24.87037143888889
310.79253874999995,12.920437777777778
311.79313083333335,-1.3938466666666667
311.83194590833335,-15.34837706111111
312.0813641666667,43.178353611111106
312.4411041458333,10.053999694444444
312.50951999999995,36.331250000000004
312.5260025125,4.130247363888889
312.71304777499995,31.457603549999998
312.89056073333336,74.69458284166667
312.8982621541667,17.72691686388889
313.1817525,16.33023138888889
313.2168958125,36.59313894722222
313.2890229166667,22.800426666666667
313.9118263958334,61.36684419722222
314.3333308333333,50.9711725
314.423347725,-36.43250281388889
315.2569165375,-28.44226763888889
315.4118091125,3.692033775
315.49630912916666,-41.678843924999995
315.57107833333333,47.03784972222222
316.03726166666667,76.55031361111111
316.5450845833334,21.59334861111111
316.6656591666667,25.015980555555554
316.7566375,42.23616277777778
317.1709745833333,14.507510555555555
317.38282804999994,35.54933261666667
317.38828575833327,-40.827609638888894
317.504079175,-9.650744608333333
318.51392708333333,-34.95676888888889
318.666835,-24.303101388888887
318.74305833333335,28.54922388888889
318.50491416666665,82.08009666666666
318.8725560625,29.560657483333333
319.1526475,5.6047375
319.33648958333333,5.051142777777778
320.17159291666667,5.5625025
320.13238916666666,44.57618916666667
320.25253000000004,19.024527777777777
320.8056641666667,10.131933611111112
320.77214999999995,55.00759138888889
320.9354891291667,5.589470336111111
321.359055,24.701000277777776
321.36436275833336,64.39426504166667
321.3718975,4.693201666666667
322.30073292500003,-14.355266430555556
322.33924624583335,-17.643669391666666
322.63698957916665,5.038187413888889
322.56770625,8.732198055555555
322.5932020833333,16.72378694444444
322.75619416666666,-19.384339999999998
322.89692399166665,-11.882001144444445
323.39199917083334,82.65168125277778
323.40578875,14.729575277777778
323.54295672499995,-0.11187808333333336
323.60043874999997,40.836484722222224
324.1607762458334,0.6983925972222222
324.2541729166667,51.02668861111111
324.45834083333335,-19.29118027777778
324.65492125833333,-23.33487051388889
324.75545527916665,14.393331108333333
324.90478083333335,17.307241944444446
325.0706129875,39.19579301666666
325.6537570375,-3.3712464416666665
326.3282316666667,11.2575825
326.59574725,-14.571142983333335
326.79234571250004,9.496297902777776
327.02274449583336,6.960723394444445
327.06685583333336,61.11828833333333
327.36938541666666,-12.926344166666667
327.3969333333333,7.940376388888889
327.59834,14.829974444444444
327.8809555125,7.157439977777778
327.9078145875,5.870265097222223
327.9813500041667,-29.53508384166667
328.0155633333333,-27.525495000000003
328.1034141875,17.577165227777776
328.4623270833333,43.38180472222222
328.6704241666667,17.464117777777776
328.77690958333335,22.839514166666664
329.1579433333334,48.50766388888889
329.30359,10.2402225
329.37010083333337,31.450378055555554
329.52617458749995,-14.980742197222222
329.71693788749997,-29.77441155
330.03305625,10.502195277777778
330.05916,21.63250361111111
330.36461625,3.204206111111111
330.4314053041666,50.815663525
330.6803807375,42.27777220555556
330.812399125,31.76063053888889
330.83734291666667,62.67618638888889
330.86205704583335,17.430068844444445
331.0879154166667,36.54363722222222
331.54340450833337,-17.405903744444444
331.97028083333333,16.87162138888889
332.01296,65.32743944444444
332.33927113749996,37.70506268611111
332.43889583333333,35.93364944444444
333.0248596583333,23.927928855555557
333.03324208333333,33.142920277777776
333.1582375,1.8808752777777777
333.16293333333334,27.994010833333334
333.21183333333335,6.769088888888889
333.26040812916665,-24.508311191666667
333.53692750000005,7.195106111111111
333.66070547083336,-37.40416392222222
334.08337462500003,35.30393904444444
334.17796666666663,31.043156944444448
334.2534216083334,24.362766136111112
334.3232404166667,31.947219166666667
334.4509915375,2.336309075
334.7168238541667,-2.406422386111111
334.8087275,18.109893055555556
334.9205916666666,-26.059205555555554
335.7207941666667,12.230506944444445
335.8254045833333,62.82605083333333
336.15429208333336,60.27099222222222
336.4085297166667,21.30178190277778
336.4469137125,-3.049613686111111
336.69390437500005,0.8698144333333334
337.2102683333333,44.31901138888889
337.41701810833337,-7.451545719444445
337.46584291666665,1.2490855555555556
337.6519571875,69.77446582777777
337.66782747083334,-38.28553687777777
337.8292583333333,54.15998333333333
338.15170380833337,11.730806694444444
338.09527291666666,62.82678777777778
338.3850233333334,42.761091666666665
339.0936285833333,28.482614802777775
339.1420298666667,-13.443836225
339.160820875,73.38129503888888
339.5536408333333,27.83132861111111
339.64418666666666,12.714104166666665
340.08282708333337,51.55328083333333
340.2800218625,41.33656061666667
340.45715555833334,9.897901469444443
340.69981875,17.695604444444445
340.86003658749996,-24.258142416666665
341.05304958333335,40.9537825
341.3678532166666,3.4024623083333334
341.4735608333333,5.015823055555556
341.5759665666667,-11.885756294444445
341.99450878333334,3.17843165
342.1579604583333,37.30346190555555
342.16119055,-31.402170047222224
342.2523613875,21.117454297222224
342.47744166666666,11.608566666666666
342.60641666666663,14.330722222222223
342.6357791666666,71.48862777777778
342.67854621666663,55.83738348055556
342.89474416666667,18.811151388888888
343.2807049,19.709619008333334
343.3020770833333,32.601198333333336
343.4906163833333,16.148211358333334
343.5183629166666,0.9058236111111111
343.5389245958333,24.756506333333334
343.7655375,13.22583611111111
343.7676657791667,-7.265549525
343.9029494,42.04792578055555
344.2942254166667,-35.53785833333333
344.3220963333333,7.7200841222222225
344.3231795291666,2.7215310583333334
344.3419704291666,41.90459191944444
344.5248453666667,-26.027428680555555
345.17035833333335,3.6196794444444444
345.1791420833333,16.920666944444445
345.36095291666663,57.10708555555556
345.36557250416666,37.44701196944444
345.47275833333333,6.153566944444445
345.5995441166667,-36.698099444444445
345.6721466916667,64.09801423611111
345.77425495833336,-29.496813005555556
346.11788125,6.3356441666666665
346.1518183625,23.51878068611111
346.81630233333334,32.508871344444444
346.8915269666667,14.838445972222223
346.9763991666666,-40.454774444444446
347.048485075,20.14505408611111
347.1840466666667,9.773915555555556
347.77220416666665,34.419694444444445
347.94753732083336,45.73222675555556
348.1171708333333,9.324856388888888
348.24497523749994,38.795183525
348.0820825,72.69081222222222
348.5390950291667,-43.06965618888889
348.7020859625,-30.355687080555555
348.9575970833333,86.5287925
349.1467075,4.088374444444444
349.16541125,16.301873055555557
350.1869024916667,5.230542405555556
350.47898250000003,32.06877472222222
350.4994259791667,27.546234286111112
350.25816208333333,-15.615225833333334
350.584825325,44.76176485277778
350.60825899583335,50.96443436388889
350.61903674166666,18.723582888888888
350.6503728,8.200442444444445
350.88314065416665,-2.7152711666666667
351.0296333333333,-36.760437777777774
351.3323875,-11.875808055555556
351.4263583333333,43.783002777777774
351.60684875,1.2024113888888888
351.64225375,-39.545789166666665
351.72038583333335,15.127702777777777
351.77676125,80.21636305555556
351.84152874999995,15.410370277777778
351.88991907916665,9.669295216666667
351.94985111666665,-13.201180366666668
352.2741091666667,8.571068333333333
352.5572402208333,33.81013104722222
352.6702177375,11.005197177777777
352.91105181666666,-14.050830688888889
352.9978171458333,-37.803430408333334
353.2399845166667,8.636229763888888
353.26055585833336,39.02001356666666
353.4801575291667,-22.272039447222223
353.5534508083333,7.6076533444444445
354.48891287083336,-1.4839918416666666
354.8380295833333,60.169913333333334
354.9772208333333,-32.82863888888889
355.1209560916667,26.699112458333335
355.1384375,13.550252777777779
355.2787925,0.30925138888888887
355.4412125,-34.893852777777774
355.8016126375,23.66267974722222
355.95165541666665,53.81133083333333
356.01571583333333,82.44455583333334
356.3917575,65.95511472222222
356.65349399166666,9.512643047222221
356.6663891041667,7.0852351111111105
356.8453093583334,43.181449702777776
356.77015833333337,51.70496583333333
357.0108688166667,-15.479993883333332
357.3367772375,38.82154400833333
357.33771625,5.577735833333333
357.50846211249996,11.110195708333332
357.7288233333333,64.67161944444445
358.59033444166664,45.88451014722222
358.62581329166665,-14.780218608333334
358.78940903750004,49.83565
359.0949740791667,81.88118200277778
359.379989875,-10.572451016666667
359.5453433708333,-9.66427465
359.69202141249997,19.922306141666667
359.7493966458333,39.374529358333334
359.88825330000003,38.845088455555555
359.8978916666667,-30.437827777777777
